scenario,rss_kib_total
single-w,736974.3063063063
single-r,1015687.8928571428
single-inst-w,2533051.226364208
single-inst-r,3227186.4513222855
