scenario,rss_kib_total
multi-5x4w-stag150,893093.0
multi-5x4w-stag300,901634.3111111111
multi-5x4w-stag500,890973.7297297297
