scenario,rss_kib_total
single-w,611623.2544268406
multi-25x4w-stag500,752520.5021276596
multi-inst-25x4i,2277830.76590995
multi-inst-25x2ix2w-500,1270060.8968639062
