scenario,interrupts_per_s,system_context_switches_per_s,run_queue,blocked_processes,benchmark_cswch_per_s,benchmark_nvcswch_per_s,benchmark_iodelay
single-w,922447.7912395154,1423632.5358807084,37.466915191053126,0.0027958993476234857,30.418909599254427,7.982283317800559,0.0
multi-25x4w-stag500,821966.9595744681,1316656.8063829788,32.304255319148936,0.002127659574468085,29.16125531914894,17.327468085106382,0.0
multi-inst-25x4i,837190.9402065659,1361502.4283832663,31.624934541970507,0.00277056858182686,67.96064714548986,48.46349936028744,0.0
multi-inst-25x2ix2w-500,819283.9662975455,1321281.156494883,31.830261620935865,0.003954870001779208,42.75857124033051,20.386678965073557,0.0
