scenario,rows_with_usage,output_tokens_mean,output_tps_request_mean,output_tps_session_delta_mean
single-w,100,200.66,19.60532104,13.73625575
multi-25x4w-stag500,100,144.12,10.21044445,5.86204169
multi-inst-25x4i,100,107.71,9.08894059,4.52013047
multi-inst-25x2ix2w-500,100,131.43,10.73719478,6.36649419
