scenario,rss_kib_total
multi-inst-25x2ix2w-stag150,1241407.0160875455
multi-inst-25x2ix2w-stag300,1208486.515235457
multi-inst-25x2ix2w-stag500,1270060.8968639062
