scenario,rss_kib_total
single-w,818349.9672131147
multi-5x4w-stag500,925797.0625
multi-inst-5x4i,2410097.082014201
multi-inst-5x2ix2w-500,1250742.3243243243
