scenario,rss_kib_total
multi-5x4w-stag150,799579.3741496599
multi-5x4w-stag300,845248.0843881856
multi-5x4w-stag500,845271.7622377622
