scenario,rss_kib_total
multi-5x4w-stag150,918309.2063492064
multi-5x4w-stag300,912011.6363636364
multi-5x4w-stag500,845903.8153846153
