scenario,rss_kib_total
multi-5x4w-stag150,814683.8655462185
multi-5x4w-stag300,921722.4109589041
multi-5x4w-stag500,923725.219858156
