scenario,rss_kib_total
多会话并发150ms间隔,730241.448275862
多会话并发300ms间隔,820487.960199005
多会话并发500ms间隔,752520.5021276596
