scenario,overall_output_tps
多会话并发150ms间隔,25.257480109555473
多会话并发300ms间隔,26.39787721694071
多会话并发500ms间隔,30.871604619382545
