scenario,rss_kib_total
single-w,611623.2544268406
single-r,801357.7394636015
single-inst-w,2277830.76590995
single-inst-r,2452171.6299125906
