scenario,rss_kib_total
multi-25x4w-500,752520.5021276596
25x2ix2w-300,1208486.515235457
multi-25x1dx4ix1w-500,2009671.477045045
multi-25x2dx2ix1w-500,2230756.2837333335
