scenario,rss_kib_total
single-w,698423.8297872341
multi-5x4w-stag500,923725.219858156
multi-inst-5x4i,2348106.9698692523
multi-inst-5x2ix2w-500,1434337.254901961
