scenario,rss_kib_total
single-w,1015687.8928571428
multi-5x4w-stag500,801675.1351351351
multi-inst-5x4i,3227186.4513222855
multi-inst-5x2ix2w-500,1723885.3763625934
