scenario,rss_kib_total
multi-5x4w-stag150,952013.8646616541
multi-5x4w-stag300,961397.5625
multi-5x4w-stag500,970353.4488188976
