scenario,cpu_percent,mem_percent,block_read_bytes_per_s,block_write_bytes_per_s
vps-docker-single-task-00-500-light,103.98458333333333,4.129166666666667,0.0,34661.029875104876
vps-docker-multi-task-00-500-light,105.2409090909091,4.130454545454546,0.0,77629.39080159865
