scenario,busiest_device,pct_util,r_await,w_await,f_await,aqu_sz,wkb_s
vps-docker-single-task-00-500-light,vda,2.780615384615385,0.0,10.187615384615386,0.047384615384615386,0.7884615384615384,13410.977
vps-docker-multi-task-00-500-light,vda,3.208403361344538,0.0,6.910168067226891,0.05042016806722689,0.4111764705882353,14069.411764705883
