scenario,busiest_device,pct_util,r_await,w_await,f_await,aqu_sz,wkb_s
vps-docker-single-task-00-500-light,vda,0.7796610169491526,0.0,1.0064406779661017,0.01694915254237288,0.020508474576271186,701.5593220338983
vps-docker-multi-task-00-500-light,vda,0.8296296296296296,0.0,1.0162962962962963,0.037037037037037035,0.021111111111111112,833.7777777777778
