scenario,busiest_device,pct_util,r_await,w_await,f_await,aqu_sz,wkb_s
vps-docker-single-task-00-500-light,vda,2.780615384615385,0.0,10.187615384615386,0.047384615384615386,0.7884615384615384,13410.977
vps-docker-multi-task-00-500-light,vda,3.5758333333333336,0.0,6.753166666666667,0.049833333333333334,0.42758333333333337,13936.266666666666
