scenario,total_mean,total_p50,total_p95,total_p99
vps-docker-single-task-00-500-light,261.776182,252.928,367.645,390.102
vps-docker-multi-task-00-500-light,1850.5532520000002,2022.294,2238.814,2757.923
