scenario,connect,send,wait,history,total
vps-docker-single-task-00-500-light,67.175,0.75251,250.596778,10.402111999999999,261.776182
vps-docker-multi-task-00-500-light,11138.2929,1.006346,1843.5700020000002,5.950492000000001,1850.5532520000002
