scenario,connect,send,wait,history,total
vps-docker-single-task-00-500-light,72.561,0.745324,107.44451,10.377038,118.590992
vps-docker-multi-task-00-500-light,241.7969,1.834776,1033.0548079999999,6.180184000000001,1041.0935
