,vps-docker-single-task-00-500-light,vps-docker-multi-task-00-500-light
fs_async,12.871392300965065,11.173592264968152
fs_callback,41.42823529411765,40.79998076923077
promise_callback,0.5637291987673344,0.5447525062656642
event_loop_immediate,0.026773519163763068,0.030621387283236996
event_loop_timers,0.039,1.5608333333333333
