scenario,fs_async_mean_ms,fs_callback_mean_ms,promise_callback_mean_ms,event_loop_immediate_mean_ms,event_loop_timers_mean_ms,fs_async_count,fs_callback_count,promise_callback_count
vps-docker-single-task-00-500-light,12.871392300965065,41.42823529411765,0.5637291987673344,0.026773519163763068,0.039,65177.0,34.0,2596.0
vps-docker-multi-task-00-500-light,11.173592264968152,40.79998076923077,0.5447525062656642,0.030621387283236996,1.5608333333333333,196250.0,104.0,7980.0
