,vps-docker-single-task-00-500-light,vps-docker-multi-task-00-500-light
sessions_lock,1.1840000000000002,5.479
sessions_dir_enum,0.41500000000000015,4.977000000000001
sessions_json,0.223,0.7850000000000004
sessions_tmp,1.033,12.523
bootstrap_files,18.223,54.983
