,vps-docker-single-task-00-500-light,vps-docker-multi-task-00-500-light
sessions_lock,1.1840000000000002,4.378999999999999
sessions_dir_enum,0.41500000000000015,5.143000000000001
sessions_json,0.223,0.6840000000000003
sessions_tmp,1.033,14.323
bootstrap_files,18.223,68.585
