scenario,fs_async_mean_ms,fs_callback_mean_ms,promise_callback_mean_ms,event_loop_immediate_mean_ms,event_loop_timers_mean_ms,fs_async_count,fs_callback_count,promise_callback_count
vps-docker-single-task-00-500-light,12.871392300965065,41.42823529411765,0.5637291987673344,0.026773519163763068,0.039,65177.0,34.0,2596.0
vps-docker-multi-task-00-500-light,10.949422810900893,39.47624561403509,0.5809567909033481,0.03390805369127516,1.6160000000000003,195617.0,114.0,7915.0
