scenario,cpu_percent,rss_kib,kb_wr_per_s,iodelay,cswch_per_s,nvcswch_per_s
vps-docker-single-task-00-500-light,105.34592307692307,924474.7076923077,11243.962846153845,0.0,62.25630769230769,1.8306923076923078
vps-docker-multi-task-00-500-light,107.3781512605042,999649.9831932773,11999.83193277311,0.0,46.35294117647059,2.0756302521008405
