scenario,cpu_percent,rss_kib,kb_wr_per_s,iodelay,cswch_per_s,nvcswch_per_s
vps-docker-single-task-00-500-light,103.27118644067797,2792252.881355932,575.3220338983051,0.0,307.8813559322034,3.3728813559322033
vps-docker-multi-task-00-500-light,104.42592592592592,2793042.0,671.4814814814815,0.0,100.16666666666667,4.203703703703703
