,category,count,total_duration_ms
2,openclaw_runtime,270,38.940999999999974
3,workspace_bootstrap,247,68.58500000000002
1,markdown_docs,19,4.507000000000001
0,git_metadata,19,3.3819999999999997
