scenario,rss_kib_total
single-w,877939.7090909091
multi-5x4w-stag500,890973.7297297297
multi-inst-5x4i,2667390.9667578037
multi-inst-5x2ix2w-500,1487708.4083916084
