scenario,rss_kib_total
single-w,727324.4444444445
multi-5x4w-stag500,961397.5625
multi-inst-5x4i,3330165.045053834
multi-inst-5x2ix2w-500,1688957.2467850582
