scenario,rss_kib_total
multi-25x4w-stag150,780335.6923076923
multi-25x4w-stag300,834568.3053435114
multi-25x4w-stag500,1008802.3295019157
