scenario,interrupts_per_s,system_context_switches_per_s,run_queue,blocked_processes,benchmark_cswch_per_s,benchmark_nvcswch_per_s,benchmark_iodelay
multi-25x4w-stag150,776784.1877394636,1274769.9233716475,31.89272030651341,0.011494252873563218,43.76303846153846,66.09084615384614,0.0
multi-25x4w-stag300,786915.8593155893,1286382.866920152,29.269961977186313,0.0076045627376425855,47.01908396946565,63.56106870229008,0.0
multi-25x4w-stag500,782008.30651341,1282399.4214559386,29.57471264367816,0.011494252873563218,42.89969348659004,55.37436781609195,0.0
