scenario,rss_kib_total
单实例串行,611623.2544268406
单实例4会话并行,752520.5021276596
单容器4实例并行,2009671.477045045
4容器单实例并行,2277830.76590995
