scenario,overall_output_tps
单实例串行,18.72499923668986
单实例4会话并行,30.871604619382545
单容器4实例并行,25.215744213156313
4容器单实例并行,26.47224567282131
