scenario,rss_kib_total
single-w,694701.4285714285
single-r,877939.7090909091
single-inst-w,2532997.2223416762
single-inst-r,2667390.9667578037
