scenario,cpu_percent,mem_percent,block_read_bytes_per_s,block_write_bytes_per_s
vps-docker-single-task-00-500-full,44.9357345971564,2.0700473933649293,0.0,196211.0338884807
vps-docker-multi-task-00-500-10x50,45.25850961538462,2.2022115384615386,0.0,369506.11884096835
