scenario,cpu_percent,mem_percent,block_read_bytes_per_s,block_write_bytes_per_s
vps-docker-single-task-00-500-full,62.64483333333333,3.7198333333333333,0.0,13728.208867356923
vps-docker-multi-task-00-500-10x50,64.73132075471699,4.0726415094339625,0.0,31568.792525403893
