scenario,busiest_device,pct_util,r_await,w_await,f_await,aqu_sz,wkb_s
vps-docker-single-task-00-500-full,vda,0.39037735849056604,0.0,1.2764150943396226,0.012415094339622642,0.031754716981132074,2253.743320754717
vps-docker-multi-task-00-500-10x50,vda,0.35517241379310344,0.0,1.3257471264367815,0.01264367816091954,0.03195402298850575,2106.428965517241
