scenario,busiest_device,pct_util,r_await,w_await,f_await,aqu_sz,wkb_s
vps-docker-single-task-00-500-full,vda,1.0444444444444445,0.0,1.060952380952381,0.007936507936507936,0.029682539682539685,1314.031746031746
vps-docker-multi-task-00-500-10x50,vda,0.8666666666666666,0.0,0.935,0.009259259259259259,0.019814814814814816,700.074074074074
