scenario,busiest_device,pct_util,r_await,w_await,f_await,aqu_sz,wkb_s
vps-docker-single-task-00-500-full,vda,0.6824324324324325,0.0,1.3319594594594595,0.01418918918918919,0.09527027027027027,2025.5135135135135
vps-docker-multi-task-00-500-10x50,vda,0.5526717557251909,0.0,1.2138167938931297,0.015267175572519083,0.022900763358778626,1201.0076335877864
