scenario,connect,send,wait,history,total
vps-docker-single-task-00-500-full,61.865,0.806064,114.508618,10.662773999999999,126.001992
vps-docker-multi-task-00-500-10x50,289.7162,2.6324560000000004,1033.416372,6.167734,1042.240002
