scenario,connect,send,wait,history,total
vps-docker-single-task-00-500-full,80.51,1.05643,278.545528,17.383741999999998,297.010668
vps-docker-multi-task-00-500-10x50,956.693,1.9435419999999999,2533.7709959999997,9.656536000000001,2545.3943679999998
