,vps-docker-single-task-00-500-full,vps-docker-multi-task-00-500-10x50
sessions_lock,298.6340000000001,733.8529999999998
sessions_dir,868.1180000000004,4405.993999999998
bootstrap_files,6459.128999999999,8091.316
