,vps-docker-single-task-00-500-full,vps-docker-multi-task-00-500-10x50
sessions_lock,298.6340000000001,733.8529999999998
sessions_dir_enum,77.67800000000001,1781.8049999999996
sessions_json,164.106,210.49699999999999
sessions_tmp,327.70000000000016,1679.8389999999995
bootstrap_files,6459.128999999999,8091.316
