scenario,cpu_percent,rss_kib,kb_wr_per_s,iodelay,cswch_per_s,nvcswch_per_s
vps-docker-single-task-00-500-full,44.13103578154426,1405880.2561205274,1163.2070244821093,0.0,36571.29416195857,0.0847457627118644
vps-docker-multi-task-00-500-10x50,43.58615678776291,1524142.4550669217,1187.409808795411,0.0,36872.03642447419,0.07648183556405354
