scenario,cpu_percent,rss_kib,kb_wr_per_s,iodelay,cswch_per_s,nvcswch_per_s
vps-docker-single-task-00-500-full,64.18335570469799,2503704.563758389,229.30080536912752,0.0,22098.55610738255,0.18114093959731542
vps-docker-multi-task-00-500-10x50,64.59848484848484,2732345.515151515,276.969696969697,0.0,22662.734848484848,0.1590909090909091
