,syscall,count,total_duration_sec
0,futex,105320,1178.035728
1,read,257991,5.670033
2,write,88248,2.599688
3,accept4,1,4.8e-05
