,category,count,total_duration_ms
2,openclaw_runtime,827,5885.696999999991
3,workspace_bootstrap,793,8091.315999999989
1,markdown_docs,61,603.2799999999999
0,git_metadata,61,497.3580000000002
