,syscall,count,total_duration_sec
0,futex,103095,4163.865984
1,statx,800835,17.370602
2,openat,159416,4.449126
3,read,186947,4.099534
4,write,81638,2.51489
