scenario,rss_kib_total
multi-5x4w-stag150,923945.4794520548
multi-5x4w-stag300,934133.5890410959
multi-5x4w-stag500,925797.0625
