scenario,rss_kib_total
single-w,710752.8699551569
multi-5x4w-stag500,845248.0843881856
multi-inst-5x4i,2494128.3479343657
multi-inst-5x2ix2w-500,1256895.8942554886
