scenario,connect,send,wait,history,total
multi-5x4w-stag150,19619.97675,6.52075,10869.46355,308.9094,11184.935150000001
multi-5x4w-stag300,16668.92775,36.5902,10101.8078,185.57160000000002,10324.01025
multi-5x4w-stag500,13417.075499999999,21.579349999999998,15956.947450000001,167.1943,16145.76125
