scenario,rss_kib_total
multi-5x4w-stag150,1020664.2197802198
multi-5x4w-stag300,1002665.4794520548
multi-5x4w-stag500,1001194.6181818182
