scenario,rss_kib_total
single-w,694701.4285714285
multi-5x4w-stag500,845903.8153846153
multi-inst-5x4i,2532997.2223416762
multi-inst-5x2ix2w-500,1512333.462745098
