scenario,rss_kib_total
single-w,698423.8297872341
single-r,818349.9672131147
single-inst-w,2348106.9698692523
single-inst-r,2410097.082014201
