scenario,interrupts_per_s,system_context_switches_per_s,run_queue,blocked_processes,benchmark_cswch_per_s,benchmark_nvcswch_per_s,benchmark_iodelay
single-w,881022.0,1410798.3450704226,28.260563380281692,0.007042253521126761,32.9290780141844,68.40425531914893,0.0
single-r,845172.9024390244,1385974.894308943,29.21951219512195,0.024390243902439025,32.040983606557376,26.401639344262296,0.0
single-inst-w,808216.3913030964,1355873.0851194384,25.125151629072683,0.007847953216374269,77.91857154893528,120.57772928876085,0.0
single-inst-r,787868.6297879617,1346129.8479480164,24.822366621067033,0.00872093023255814,109.61646146830824,145.43705947495278,0.0
