scenario,rss_kib_total
single-w,736974.3063063063
multi-5x4w-stag500,1001194.6181818182
multi-inst-5x4i,2533051.226364208
multi-inst-5x2ix2w-500,1839959.8260869565
