scenario,rss_kib_total
single-inst-25x4i-stag0,2277830.76590995
single-inst-25x4i-0-lim,2050618.5412562613
single-inst-25x4i-stag300-lim,2016066.4529814771
