scenario,rss_kib_total
single-w,801357.7394636015
multi-25x4w-stag500,1008802.3295019157
multi-inst-25x4i,2452171.6299125906
multi-inst-25x2ix2w-500,1338164.073571127
