scenario,busiest_device,pct_util,r_await,w_await,f_await,aqu_sz,wkb_s
vps-docker-single-task-00-500-full,vda,0.37362428842504747,0.0,1.2010626185958255,0.012333965844402278,0.02299810246679317,1863.8784819734344
vps-docker-multi-task-00-500-10x50,vda,0.3803088803088803,0.0,1.3107528957528958,0.012548262548262547,0.02108108108108108,1863.8454054054055
