scenario,total_mean,total_p50,total_p95,total_p99
vps-docker-single-task-00-500-full,1054.943476,1188.232,1328.41,1393.996
vps-docker-multi-task-00-500-10x50,10218.162896,10182.247,10932.32,13553.411
