,vps-docker-single-task-00-500-full,vps-docker-multi-task-00-500-10x50
fs_worker_exec,0.05428388477636147,
fs_callback,,
event_loop_poll,7.216876305859779,
microtask,78.81499387367586,
futex_sync,0.0724523686606947,
worker_message,0.00011078343831910505,
json_parse,,
libuv_worker_other,0.6196117705187546,
gateway_main_other,9.50178472119132,
v8_worker,3.2082883737212824,
other,0.5115979181576271,
