,syscall,count,total_duration_sec
0,futex,99770,4205.606122
1,statx,798811,17.275934
2,read,278759,6.1336960000000005
3,openat,159099,4.448411
4,write,88547,2.699881
