scenario,busiest_device,pct_util,r_await,w_await,aqu_sz,system_wkb_s,benchmark_kb_wr_per_s
多实例并行300,sda,0.6360071414864161,0.02357650026043808,0.4397691010773912,0.08700098692326672,6834.272004071059,6951.699409079694
多实例独占受限并行0,sda,0.7948541241132624,0.02131872643816897,0.43533877375995994,0.1110485647016837,9180.763268017734,9780.513247202649
多实例并行500,sda,0.5716617407256421,0.012799684060334285,0.3946535364859356,0.08111424785976355,6118.329028740318,6015.824785976356
多实例独占受限并行300,sda,0.5393803605787477,0.022519793031385175,0.36651363685028543,0.0780193534816126,6402.4882209048565,6495.435734496836
