scenario,rss_kib_total
多实例并行300,1395039.2285001508
多实例独占受限并行0,2050618.5412562613
多实例并行500,1281421.5519771709
多实例独占受限并行300,2016066.4529814771
