{
  "container": "openclaw-bench-docker-single-resource-profile-0d2ea4b9",
  "metrics": {
    "block_read_bytes": {
      "count": 2.0,
      "max": 89300000.0,
      "mean": 89300000.0,
      "min": 89300000.0,
      "p50": 89300000.0,
      "p95": 89300000.0,
      "p99": 89300000.0
    },
    "block_write_bytes": {
      "count": 2.0,
      "max": 11200000.0,
      "mean": 11050000.0,
      "min": 10900000.0,
      "p50": 10900000.0,
      "p95": 11200000.0,
      "p99": 11200000.0
    },
    "cpu_percent_value": {
      "count": 2.0,
      "max": 107.21,
      "mean": 102.945,
      "min": 98.68,
      "p50": 98.68,
      "p95": 107.21,
      "p99": 107.21
    },
    "mem_limit_bytes": {
      "count": 2.0,
      "max": 8182986440.704,
      "mean": 8182986440.704,
      "min": 8182986440.704,
      "p50": 8182986440.704,
      "p95": 8182986440.704,
      "p99": 8182986440.704
    },
    "mem_percent_value": {
      "count": 2.0,
      "max": 20.48,
      "mean": 20.465,
      "min": 20.45,
      "p50": 20.45,
      "p95": 20.48,
      "p99": 20.48
    },
    "mem_usage_bytes": {
      "count": 2.0,
      "max": 1676110987.264,
      "mean": 1675037245.44,
      "min": 1673963503.616,
      "p50": 1673963503.616,
      "p95": 1676110987.264,
      "p99": 1676110987.264
    },
    "net_rx_bytes": {
      "count": 2.0,
      "max": 102000.0,
      "mean": 67100.0,
      "min": 32200.000000000004,
      "p50": 32200.000000000004,
      "p95": 102000.0,
      "p99": 102000.0
    },
    "net_tx_bytes": {
      "count": 2.0,
      "max": 3500000.0,
      "mean": 1945000.0,
      "min": 390000.0,
      "p50": 390000.0,
      "p95": 3500000.0,
      "p99": 3500000.0
    },
    "pids_value": {
      "count": 2.0,
      "max": 12.0,
      "mean": 12.0,
      "min": 12.0,
      "p50": 12.0,
      "p95": 12.0,
      "p99": 12.0
    }
  },
  "raw_csv": "/home/z84436644/openclaw/benchmarks/client-harness/out-phase-smoke\r/20260320T112544Z_docker-single-resource-profile/docker_stats.csv",
  "rows": 2
}
