scenario,rss_kib_total
单实例串行,611623.2544268406
单实例并行,752520.5021276596
多实例并行,2009671.477045045
