scenario,cpu_percent,mem_percent,block_read_bytes_per_s,block_write_bytes_per_s
vps-docker-single-task-00-500-full,44.9357345971564,2.0700473933649293,0.0,196211.0338884807
vps-docker-multi-task-00-500-full,43.324386792452835,2.166367924528302,0.0,702634.3634067023
