scenario,cpu_percent,mem_percent,block_read_bytes_per_s,block_write_bytes_per_s
vps-docker-single-task-00-500-full,104.18500000000002,4.137916666666667,0.0,34999.77901762899
vps-docker-multi-task-00-500-full,102.5459090909091,4.145000000000001,0.0,118635.58436141218
