scenario,cpu_percent,mem_percent,block_read_bytes_per_s,block_write_bytes_per_s
vps-docker-single-task-00-500-full,62.64483333333333,3.7198333333333333,0.0,13728.208867356923
vps-docker-multi-task-00-500-full,65.92370370370371,4.007037037037037,0.0,47188.49467964602
