scenario,busiest_device,pct_util,await,r_await,w_await,aqu_sz,wkb_s
vps-docker-single-task-00-500-full,vda,0.8101694915254237,,0.0,1.0272881355932204,0.024915254237288135,819.6610169491526
vps-docker-multi-task-00-500-full,vda,0.9469811320754716,,0.0,1.0177358490566037,0.021132075471698115,734.9941509433962
