scenario,busiest_device,pct_util,r_await,w_await,f_await,aqu_sz,wkb_s
vps-docker-single-task-00-500-full,vda,0.6824324324324325,0.0,1.3319594594594595,0.01418918918918919,0.09527027027027027,2025.5135135135135
vps-docker-multi-task-00-500-full,vda,0.691044776119403,0.0,1.3752985074626864,0.016940298507462686,0.06082089552238806,1534.8059701492537
