scenario,busiest_device,pct_util,r_await,w_await,f_await,aqu_sz,wkb_s
vps-docker-single-task-00-500-full,vda,0.39037735849056604,0.0,1.2764150943396226,0.012415094339622642,0.031754716981132074,2253.743320754717
vps-docker-multi-task-00-500-full,vda,0.41466165413533834,0.0,1.3000751879699248,0.012387218045112782,0.03907894736842105,2393.044887218045
