scenario,busiest_device,pct_util,r_await,w_await,f_await,aqu_sz,wkb_s
vps-docker-single-task-00-500-full,vda,0.8101694915254237,0.0,1.0272881355932209,0.06779661016949153,0.024915254237288142,819.6610169491526
vps-docker-multi-task-00-500-full,vda,0.9469811320754716,0.0,1.0177358490566033,0.018867924528301886,0.021132075471698125,734.9941509433962
