scenario,connect,send,wait,history,total
vps-docker-single-task-00-500-full,80.51,1.05643,278.545528,17.383741999999998,297.010668
vps-docker-multi-task-00-500-full,1806.0384999999999,3.455668,4985.54479,9.689812,4998.715472
