scenario,connect,send,wait,history,total
vps-docker-single-task-00-500-full,67.011,0.720364,105.015918,12.187826,117.948508
vps-docker-multi-task-00-500-full,389.0552,4.913851999999999,1989.45045,5.980406,2000.369356
