scenario,cpu_percent,rss_kib,kb_wr_per_s,iodelay,cswch_per_s,nvcswch_per_s
vps-docker-single-task-00-500-full,44.13103578154426,1405880.2561205274,1163.2070244821093,0.0,36571.29416195857,0.0847457627118644
vps-docker-multi-task-00-500-full,43.24546992481203,1499169.3909774437,1191.8405451127821,0.0,36770.60496240602,0.07142857142857142
