scenario,cpu_percent,rss_kib,kb_wr_per_s,iodelay,cswch_per_s,nvcswch_per_s
vps-docker-single-task-00-500-full,64.18335570469799,2503704.563758389,229.30080536912752,0.0,22098.55610738255,0.18114093959731542
vps-docker-multi-task-00-500-full,65.06666666666666,2697240.3851851854,287.14074074074074,0.0,22175.192592592593,0.16296296296296298
