scenario,run_dir,requests_total,requests_ok,requests_failed,connect_mean_ms,send_mean_ms,send_p95_ms,send_p99_ms,wait_mean_ms,wait_p50_ms,wait_p95_ms,wait_p99_ms,history_mean_ms,history_p95_ms,history_p99_ms,total_mean_ms,total_p50_ms,total_p95_ms,total_p99_ms,docker_cpu_percent_mean,docker_mem_percent_mean,docker_block_read_bytes_per_s_mean,docker_block_write_bytes_per_s_mean,pidstat_cpu_percent_mean,pidstat_rss_kib_mean,pidstat_kb_wr_per_s_mean,pidstat_iodelay_mean,pidstat_cswch_per_s_mean,pidstat_nvcswch_per_s_mean,iostat_busiest_device,iostat_pct_util_mean,iostat_r_await_mean,iostat_w_await_mean,iostat_f_await_mean,iostat_aqu_sz_mean,iostat_wkb_s_mean,vmstat_interrupts_per_s_mean,vmstat_context_switches_per_s_mean,vmstat_run_queue_mean,perf_cache_misses_mean,perf_context_switches_mean,perf_cpu_migrations_mean,perf_page_faults_mean,perf_unsupported_events,strace_events_per_s_peak,strace_events_per_s_peak_t_sec,strace_duration_ms_per_s_peak,strace_duration_ms_per_s_peak_t_sec,strace_top_syscall,strace_top_syscall_total_duration_sec
vps-docker-single-task-00-500-full,/root/client-harness/out/20260325T150238Z_vps-docker-single-task-00-500-full,500,500,0,80.51,1.05643,1.387,5.995,278.545528,251.336,364.335,386.228,17.383741999999998,23.766,34.818,297.010668,272.935,384.514,403.824,62.64483333333333,3.7198333333333333,0.0,13728.208867356923,64.18335570469799,2503704.563758389,229.30080536912752,0.0,22098.55610738255,0.18114093959731542,vda,0.6824324324324325,0.0,1.3319594594594595,0.01418918918918919,0.09527027027027027,2025.5135135135135,58063.62416107383,102702.65771812081,1.395973154362416,,36.83753020134228,40.9241677852349,7.302872483221476,"cache-misses, cache-references",4399.0,0.0,14339.846000000243,25.0,futex,1178.035728
vps-docker-multi-task-00-500-full,/root/client-harness/out/20260325T151158Z_vps-docker-multi-task-00-500-full,500,500,0,1806.0384999999999,3.455668,4.524,39.769,4985.54479,5086.257,6572.921,7358.88,9.689812,16.18,29.885,4998.715472,5094.946,6584.162,7365.107,65.92370370370371,4.007037037037037,0.0,47188.49467964602,65.06666666666666,2697240.3851851854,287.14074074074074,0.0,22175.192592592593,0.16296296296296298,vda,0.691044776119403,0.0,1.3752985074626864,0.016940298507462686,0.06082089552238806,1534.8059701492537,59165.86666666667,104608.68148148149,1.4,,36.7655037037037,42.47065185185185,204.81302962962965,"cache-misses, cache-references",5499.0,0.0,14983.821000000251,24.0,futex,1063.719129
