,syscall,count,total_duration_sec
0,futex,108268,4239.576375
1,statx,809799,17.700728
2,openat,160329,4.547293
3,read,184784,4.057198
4,write,81996,2.524675
