,category,count,total_duration_ms
3,workspace_bootstrap,884,6459.128999999998
2,openclaw_runtime,842,1965.9279999999997
1,markdown_docs,68,375.30999999999995
0,git_metadata,68,251.23000000000005
