,syscall,count,total_duration_sec
0,futex,103536,4230.282737
1,statx,798797,17.342725
2,read,278760,6.16995
3,openat,159096,4.405127
4,write,88553,2.697243
