scenario,rss_kib_total
multi-25x4w-stag150,730241.448275862
multi-25x4w-stag300,820487.960199005
multi-25x4w-stag500,752520.5021276596
