scenario,rss_kib_total
multi-5x4w-stag150,1047496.7142857143
multi-5x4w-stag300,1034261.4054054054
multi-5x4w-stag500,801675.1351351351
